{"uid":"@TREE--d55026-173-1c69c4d-2","object_class":"Scene","external_repository":null,"extra":{"editor":{"selected_node":"@NODE--d55026-25b5-1ca7fbd-10"},"viewport_layout":{"mode":1,"viewports":[{"name":"perspective","viewport":[0,0,1,1],"render_settings":null,"editor_camera":{"object_class":"Camera","uid":"@CAM-d55026-420-1a55aef-9","layers":255,"enabled":true,"type":1,"eye":[-72.04979705810547,63.37086486816406,126.45812225341797],"center":[-64.11656188964844,-15.809295654296875,3.5794715881347656],"up":[0,1,0],"near":0.1,"far":10000,"fov":45,"aspect":1,"orthographic":[-1,1,-1,1],"background_color":[0,0,0,1],"frustum_size":50,"viewport":[0,0,1,1],"render_to_texture":false,"frame":null,"show_frame":true,"clear_color":true,"clear_depth":true},"scene_camera":null}]}},"root":{"object_class":"SceneNode","name":"root","uid":"@NODE--d55026-43b-128992c-a","layers":3,"flags":{"visible":true,"is_static":false,"selectable":true,"locked":false},"children":[{"object_class":"SceneNode","name":"primitive_1","uid":"@NODE--d55026-25b5-1ca7fbd-10","layers":3,"flags":{"visible":true,"is_static":false,"selectable":true,"locked":false},"components":[["Transform",{"object_class":"Transform","uid":"@COMP--d55026-25b5-187e6f3-11","position":[-69.1458969116211,-5.068112373352051,35.70893478393555],"rotation":[0,0.5726056694984436,0,-0.8198309540748596],"scaling":[0.5,0.5,0.5],"matrix":[0.1721227467060089,0,0.46943986415863037,0,0,0.5,0,0,-0.46943986415863037,0,0.1721227467060089,0,-69.1458969116211,-5.068112373352051,35.70893478393555,1]}],["GeometricPrimitive",{"enabled":true,"geometry":1,"size":10,"subdivisions":10,"primitive":-1,"point_size":0.1,"uid":"@COMP--d55026-25b6-1d63a73-12","object_class":"GeometricPrimitive"}],["Script",{"object_class":"Script","uid":"@COMP--d55026-3bb4-1b8bf37-14","enabled":true,"code":"//@unnamed\n//defined: component, node, scene, transform, globals\nthis.onStart = function()\n{\n}\n\nthis.onUpdate = function(dt)\n{\n\tnode.transform.rotateY(dt);\n  node.scene.refresh();\n}","properties":{}}]]}],"components":[["GlobalInfo",{"ambient_color":[0.20000000298023224,0.20000000298023224,0.20000000298023224],"textures":{},"render_settings":null,"uid":"@COMP--d55026-43c-1fb79c3-b","object_class":"GlobalInfo"}],["Camera",{"object_class":"Camera","uid":"@COMP--d55026-43c-1641b57-c","layers":3,"enabled":true,"type":1,"eye":[0,100,100],"center":[0,0,0],"up":[0,1,0],"near":0.1,"far":1000,"fov":45,"aspect":1,"orthographic":[-1,1,-1,1],"background_color":[0,0,0,1],"frustum_size":50,"viewport":[0,0,1,1],"render_to_texture":false,"frame":null,"show_frame":true,"clear_color":true,"clear_depth":true}],["Light",{"enabled":true,"layers":255,"near":1,"far":500,"angle":45,"angle_end":60,"constant_diffuse":false,"use_specular":true,"att_start":0,"att_end":1000,"attenuation_type":2,"offset":0,"projective_texture":null,"use_target":false,"intensity":1,"frustum_size":50,"cast_shadows":false,"shadow_bias":0.05,"shadowmap_resolution":0,"shadow_type":"hard","force_light_matrix":false,"extra_texture":null,"type":1,"position":[100,100,100],"target":[0,0,0],"extra":[0,0,0,0],"up":[0,1,0],"color":[1,1,1],"spot_cone":true,"uid":"@COMP--d55026-43c-1372cde-d","object_class":"Light"}],["Skybox",{"enabled":true,"texture":null,"material":null,"use_environment":true,"gamma":false,"intensity":1,"bake_to_cubemap":false,"uid":"@COMP--d55026-440-16518fb-e","object_class":"Skybox"}]]},"layer_names":["main","secondary"],"global_scripts":[],"external_scripts":[],"preloaded_resources":{},"texture_atlas":null}